user_id,age,gender,device,traffic_source,session_time,pages_viewed,variant,purchased,purchase_amount
0,56,male,mobile,organic,9.786625034027141,2,B,0,0.0
1,46,female,mobile,sns,6.898696535848757,1,B,0,0.0
2,32,female,mobile,organic,2.892049236190386,3,B,0,0.0
3,60,female,desktop,sns,4.715057297135249,1,A,0,0.0
4,25,male,mobile,ads,0.873942445366517,3,B,0,0.0
5,38,male,mobile,sns,5.598854061247785,6,A,0,0.0
6,56,male,mobile,organic,0.9877034469695107,3,B,0,0.0
7,36,male,desktop,sns,5.920027268512381,2,B,0,0.0
8,40,male,mobile,ads,1.3042151555503232,1,B,0,0.0
9,28,male,mobile,organic,0.6252731117308141,4,B,0,0.0
10,28,male,mobile,sns,0.9033215947152424,4,A,0,0.0
11,41,male,mobile,organic,0.00997061079855313,3,B,0,0.0
12,53,female,mobile,sns,6.34237205923132,1,B,0,0.0
13,57,female,mobile,organic,6.591329354919006,4,A,0,0.0
14,41,male,desktop,ads,3.6173448731352558,2,A,0,0.0
15,20,male,mobile,ads,0.8798854342037745,4,A,0,0.0
16,39,female,mobile,organic,0.43626250762010454,1,B,0,0.0
17,19,male,desktop,organic,0.09657146158574832,5,A,1,2757.5973463222995
18,41,male,mobile,organic,0.9060998805753395,3,A,0,0.0
19,61,male,mobile,organic,11.075414535748173,1,A,0,0.0
20,47,female,mobile,organic,1.3823052658091772,2,A,0,0.0
21,55,female,mobile,ads,2.186879373005469,1,A,0,0.0
22,19,female,desktop,organic,0.5565882570548336,5,A,0,0.0
23,38,female,mobile,organic,1.2574663233084151,1,B,0,0.0
24,50,female,desktop,ads,3.661775005095822,3,A,0,0.0
25,29,male,mobile,organic,4.679313638308699,2,B,0,0.0
26,39,female,mobile,sns,1.4075213996189349,3,A,0,0.0
27,61,male,mobile,sns,0.2973285639384077,2,A,0,0.0
28,42,male,mobile,ads,2.479954925116879,5,A,0,0.0
29,44,female,mobile,ads,1.3341932089252793,4,B,0,0.0
30,59,female,desktop,sns,1.2394481473601149,5,A,0,0.0
31,45,male,mobile,organic,16.077258807530036,2,A,0,0.0
32,33,male,desktop,organic,4.789477740754984,3,A,0,0.0
33,32,male,mobile,organic,4.069555759654726,2,A,0,0.0
34,64,female,desktop,ads,2.6873463678898757,1,B,0,0.0
35,61,female,desktop,organic,2.8013429223173603,3,B,0,0.0
36,20,female,desktop,ads,3.8924906350990818,1,B,0,0.0
37,54,female,desktop,sns,5.960712084619026,7,B,0,0.0
38,24,female,desktop,sns,6.055760841675229,6,B,0,0.0
39,38,male,mobile,ads,0.9418625811311385,3,A,0,0.0
40,26,female,mobile,organic,3.4668635507154195,4,A,0,0.0
41,56,male,mobile,sns,2.6547853333703615,1,A,0,0.0
42,35,male,desktop,ads,10.221413266333093,1,B,0,0.0
43,21,male,mobile,organic,4.99047283861855,2,A,1,7233.736324541476
44,42,female,desktop,organic,3.801823142536145,3,B,0,0.0
45,31,female,mobile,sns,0.6130682839680344,3,A,0,0.0
46,26,female,mobile,ads,4.6524286456636785,1,B,0,0.0
47,43,male,mobile,sns,0.6233051440267388,4,A,1,5468.488084078542
48,19,male,mobile,sns,2.0564595718436522,1,A,0,0.0
49,37,male,mobile,ads,0.7706648613371263,3,A,0,0.0
50,45,male,mobile,ads,5.889473191581443,3,A,0,0.0
51,64,male,mobile,organic,1.1549469593972321,1,B,0,0.0
52,24,male,mobile,organic,2.4867456483084243,2,A,0,0.0
53,61,female,mobile,organic,11.30121060443565,4,A,0,0.0
54,25,female,mobile,ads,1.1427681936507676,2,A,0,0.0
55,64,female,desktop,ads,3.544402147474845,0,B,0,0.0
56,52,female,mobile,sns,2.717361033171202,4,A,0,0.0
57,31,male,mobile,organic,0.09145146658282576,0,A,0,0.0
58,34,male,mobile,ads,7.869343172279621,2,A,0,0.0
59,53,female,mobile,ads,0.35772655764686,5,A,0,0.0
60,57,male,mobile,ads,3.214695072837621,1,A,0,0.0
61,21,female,mobile,ads,4.112616604663264,5,B,1,5836.37792885782
62,19,female,mobile,organic,4.950042355320459,4,B,0,0.0
63,23,female,mobile,ads,5.833892980285947,4,B,0,0.0
64,59,male,mobile,organic,1.4602739846099724,3,A,0,0.0
65,21,female,desktop,organic,0.05014449182274021,6,B,1,8305.497911633758
66,46,female,desktop,organic,6.426703629946992,2,A,0,0.0
67,35,female,mobile,ads,3.8356545643634714,4,A,0,0.0
68,43,male,mobile,sns,9.043034056564426,2,A,0,0.0
69,61,male,mobile,ads,8.612707276657229,5,A,0,0.0
70,51,female,mobile,ads,9.267945682339606,3,B,0,0.0
71,27,male,desktop,ads,3.318861004991347,3,B,0,0.0
72,53,male,mobile,ads,2.029538999184942,3,B,0,0.0
73,31,male,mobile,organic,7.8404771291596465,1,A,0,0.0
74,48,male,mobile,organic,3.000963530161353,3,B,0,0.0
75,32,male,desktop,organic,1.0132878735771451,6,B,0,0.0
76,25,male,mobile,organic,9.654211885867282,3,A,0,0.0
77,31,male,mobile,organic,10.70913332417349,1,B,0,0.0
78,40,male,mobile,organic,3.1396983800225375,3,A,0,0.0
79,57,male,mobile,organic,0.39359144843978927,3,B,0,0.0
80,38,male,mobile,sns,2.4536943501757476,2,B,0,0.0
81,33,female,mobile,organic,8.136422586247193,3,B,0,0.0
82,62,female,mobile,organic,11.602423117498834,0,A,1,6506.768919969385
83,35,male,mobile,organic,1.1374696431004256,8,B,0,0.0
84,64,female,mobile,ads,0.34660897801817364,1,B,0,0.0
85,41,female,mobile,organic,10.492121014020714,1,B,0,0.0
86,43,male,mobile,organic,2.4666064372231298,3,B,0,0.0
87,42,male,mobile,ads,3.9018215946856776,2,A,0,0.0
88,62,male,desktop,organic,17.220390602646056,2,A,0,0.0
89,58,female,mobile,organic,0.3444182867956367,3,B,0,0.0
90,46,female,mobile,organic,5.225139709923749,4,B,0,0.0
91,32,male,mobile,organic,0.3849744904506248,3,B,0,0.0
92,62,male,mobile,organic,2.3537709819860084,7,A,0,0.0
93,18,male,desktop,organic,8.14347434561074,3,B,0,0.0
94,42,female,mobile,sns,2.8411459213976,3,B,0,0.0
95,24,female,desktop,ads,29.359267299804664,3,A,0,0.0
96,26,female,mobile,ads,4.094224227788536,5,A,0,0.0
97,41,female,mobile,organic,1.9368649544732373,5,A,0,0.0
98,18,male,desktop,sns,1.24302047501835,4,B,0,0.0
99,61,male,desktop,organic,2.1579202945019085,4,A,0,0.0
100,25,male,desktop,organic,2.330323176468781,2,A,0,0.0
101,41,male,desktop,ads,0.35594253131322523,6,B,1,5299.734182775555
102,28,female,mobile,organic,2.306799069853607,3,A,0,0.0
103,34,female,desktop,organic,3.1203310823324064,2,B,0,0.0
104,25,male,mobile,ads,6.413957389264605,6,B,0,0.0
105,52,male,desktop,sns,5.34618234187654,4,A,0,0.0
106,52,female,mobile,organic,6.1681351370333335,3,B,0,0.0
107,50,male,desktop,ads,0.04199426856058394,3,A,0,0.0
108,22,female,mobile,sns,1.227376543151715,6,A,0,0.0
109,59,male,mobile,organic,5.418878807356186,4,A,0,0.0
110,56,male,mobile,organic,3.3081395470501223,2,B,0,0.0
111,58,male,desktop,organic,0.026638211927366016,1,A,0,0.0
112,45,male,mobile,organic,8.160837477457024,3,B,0,0.0
113,24,male,mobile,organic,7.409833644919387,4,B,0,0.0
114,26,male,mobile,sns,3.975004405811174,5,B,0,0.0
115,25,male,mobile,ads,0.3438751498821395,6,A,0,0.0
116,29,female,desktop,ads,7.273188279549895,2,B,0,0.0
117,51,female,mobile,organic,4.38190882295859,4,B,0,0.0
118,50,female,desktop,sns,7.615383210126404,4,A,0,0.0
119,40,female,mobile,sns,6.966534304535216,0,A,0,0.0
120,41,female,mobile,sns,8.122810339259654,4,B,0,0.0
121,54,male,desktop,organic,3.6491395017543886,5,B,1,6408.259696098552
122,52,male,mobile,ads,0.7560015384221204,2,A,0,0.0
123,61,female,mobile,organic,5.560881426470513,5,B,1,8266.45903303988
124,57,male,mobile,organic,4.844158034676422,4,B,0,0.0
125,39,female,desktop,organic,6.778887608141981,5,B,0,0.0
126,44,female,mobile,ads,0.9309311113175609,2,B,0,0.0
127,52,male,desktop,ads,1.0844109723041844,2,A,0,0.0
128,18,male,desktop,organic,11.055023720907293,0,B,0,0.0
129,52,male,mobile,organic,6.9310277943560505,4,A,0,0.0
130,54,female,mobile,organic,11.942266819727802,1,B,0,0.0
131,64,male,mobile,organic,7.108889013113904,2,A,0,0.0
132,31,female,mobile,organic,4.546020829885577,3,B,0,0.0
133,20,female,mobile,organic,5.308501052794627,2,A,0,0.0
134,18,female,mobile,ads,10.996891050998268,2,B,0,0.0
135,22,male,mobile,organic,4.323317676020178,1,A,0,0.0
136,43,male,desktop,organic,5.003681439657029,3,B,0,0.0
137,31,female,desktop,organic,0.8508388667527144,4,B,1,8476.794388098822
138,56,male,desktop,sns,3.211521529083448,6,A,0,0.0
139,44,male,mobile,ads,6.300901504357142,3,A,0,0.0
140,26,male,mobile,ads,1.5800147346499278,2,A,0,0.0
141,32,female,mobile,organic,1.1298262711589633,3,A,0,0.0
142,32,female,desktop,ads,1.8831260848764964,1,A,0,0.0
143,43,male,mobile,organic,1.3820665406717283,2,B,0,0.0
144,59,female,desktop,ads,1.2098013849627498,1,A,0,0.0
145,30,male,mobile,sns,2.765629340582181,3,A,0,0.0
146,49,male,mobile,ads,11.921064783844441,4,B,0,0.0
147,56,male,desktop,sns,3.5368354977931604,2,A,0,0.0
148,49,male,mobile,ads,1.0407844522212926,2,A,0,0.0
149,21,female,desktop,organic,0.40047675444223196,3,A,0,0.0
150,47,female,desktop,sns,5.956206724269233,2,B,1,7146.041989607244
151,54,female,mobile,organic,2.4128007830491347,2,A,0,0.0
152,40,male,mobile,ads,8.625112205608028,3,B,0,0.0
153,56,male,mobile,organic,5.386858899283821,1,B,0,0.0
154,62,male,desktop,organic,7.954097836041615,6,A,0,0.0
155,32,female,mobile,organic,1.5869005592718597,2,B,0,0.0
156,60,male,mobile,organic,5.894107541012077,2,A,0,0.0
157,46,female,mobile,organic,1.5330469106684042,2,A,0,0.0
158,53,female,desktop,ads,13.99002329675527,4,A,0,0.0
159,30,female,mobile,organic,5.058150931618789,1,A,0,0.0
160,49,female,desktop,organic,1.9615979526792973,2,A,0,0.0
161,24,female,desktop,ads,1.570211432581741,4,B,0,0.0
162,39,female,mobile,organic,1.0593280914634784,3,B,0,0.0
163,45,male,mobile,ads,5.931335053787402,3,B,0,0.0
164,19,male,desktop,ads,1.234080317687602,3,B,0,0.0
165,59,female,mobile,sns,4.523086485645732,6,A,0,0.0
166,62,female,desktop,ads,1.536941705045495,3,A,0,0.0
167,23,male,mobile,organic,5.423087542058411,3,B,0,0.0
168,45,female,mobile,ads,8.435368576448173,1,A,1,7840.759696056701
169,45,female,desktop,organic,7.525958057169422,2,B,0,0.0
170,61,male,mobile,organic,7.153349370632601,4,B,0,0.0
171,61,female,mobile,ads,1.0395656616596674,3,B,0,0.0
172,37,female,mobile,organic,0.462687345025399,3,B,0,0.0
173,47,female,mobile,ads,6.002375118285905,2,A,0,0.0
174,28,male,mobile,sns,2.297077123598895,3,A,0,0.0
175,45,male,mobile,sns,2.831217998206428,1,B,0,0.0
176,42,male,desktop,sns,0.15822270730651902,2,B,0,0.0
177,56,female,mobile,organic,1.5026644533912372,2,B,0,0.0
178,50,female,mobile,organic,0.1712825761378989,3,B,0,0.0
179,18,male,mobile,ads,10.567506119683948,5,B,0,0.0
180,44,female,desktop,organic,1.394580914974728,3,A,0,0.0
181,30,female,mobile,ads,4.074734519277519,6,B,1,6861.749023874488
182,58,female,desktop,ads,0.19879675840272978,2,B,0,0.0
183,20,female,mobile,ads,5.495773048072541,5,A,0,0.0
184,56,female,mobile,organic,1.950621997161652,6,A,0,0.0
185,23,male,mobile,organic,11.409952473304836,6,A,1,6016.625912325046
186,25,female,mobile,organic,10.951561116018706,3,A,0,0.0
187,44,male,mobile,organic,1.9673661327106797,4,A,0,0.0
188,26,female,mobile,sns,11.561202569055897,3,A,0,0.0
189,54,male,desktop,organic,27.808386180741863,2,A,0,0.0
190,50,female,mobile,organic,8.726736769711309,5,A,1,7171.96578889065
191,59,male,mobile,organic,9.317502459260151,4,A,0,0.0
192,61,female,mobile,ads,1.431806299604674,2,B,0,0.0
193,41,male,desktop,ads,4.298398992553327,0,A,0,0.0
194,32,female,mobile,organic,0.3481220362865055,0,B,0,0.0
195,49,male,mobile,organic,0.49864830924027337,5,B,0,0.0
196,49,female,mobile,organic,34.02875609944641,6,B,0,0.0
197,41,male,desktop,organic,1.9773702970479465,1,B,1,6972.167782955423
198,58,male,mobile,ads,6.89528133814556,2,B,0,0.0
199,29,female,mobile,ads,8.216655588657973,5,B,0,0.0
200,56,female,desktop,organic,9.760460575716627,4,B,0,0.0
201,19,male,desktop,organic,30.22073593021617,3,B,0,0.0
202,20,female,mobile,sns,1.3820392319829855,2,A,0,0.0
203,54,male,desktop,organic,0.2059375297847147,0,B,0,0.0
204,34,male,mobile,ads,2.6482715304569138,4,B,0,0.0
205,19,male,mobile,organic,0.6967739778697819,5,B,0,0.0
206,19,female,mobile,organic,0.11340586641273957,2,B,0,0.0
207,45,male,mobile,organic,2.2347712126266646,3,A,0,0.0
208,40,male,mobile,ads,7.656329021790304,7,B,0,0.0
209,54,female,desktop,sns,4.17563585401623,5,A,0,0.0
210,49,female,mobile,organic,1.875489395772082,3,A,0,0.0
211,50,female,mobile,organic,5.311527239748333,1,B,0,0.0
212,18,female,mobile,organic,1.3199460919587747,3,B,0,0.0
213,36,male,desktop,organic,0.07242930686019672,4,A,0,0.0
214,19,male,mobile,organic,7.227109981674551,1,B,0,0.0
215,61,male,mobile,organic,4.88741541994483,3,B,0,-0.0
216,43,male,mobile,ads,7.183784729547108,3,A,0,0.0
217,49,female,mobile,organic,0.19858186663832364,4,A,1,8150.274642175823
218,23,male,desktop,organic,9.073696303464502,1,B,0,0.0
219,49,male,desktop,sns,4.8316898045698,2,B,0,0.0
220,21,female,mobile,organic,4.143635930371261,3,B,0,0.0
221,28,male,desktop,sns,4.899002886260929,2,A,0,0.0
222,34,male,mobile,organic,9.991455584666099,1,B,0,0.0
223,55,male,desktop,sns,4.420769803459724,1,A,0,0.0
224,41,male,mobile,ads,4.348829704919095,3,A,0,0.0
225,22,male,mobile,sns,23.37751105393526,0,B,0,0.0
226,51,male,mobile,sns,7.067920140598498,3,A,0,0.0
227,23,female,mobile,organic,2.919614941672946,1,B,0,0.0
228,39,female,mobile,sns,6.144692688281089,1,B,0,0.0
229,28,male,mobile,organic,2.4651779752405427,7,A,0,0.0
230,33,male,mobile,organic,1.2995269560208722,3,B,0,0.0
231,50,female,desktop,organic,4.542256167094156,2,A,0,0.0
232,26,male,mobile,ads,13.168107520581172,4,A,0,0.0
233,23,male,mobile,organic,13.235212029327808,4,B,0,0.0
234,33,male,desktop,ads,2.092032018851315,0,B,0,0.0
235,46,female,mobile,ads,3.750465962435363,3,B,0,0.0
236,20,male,mobile,ads,1.1889761909378165,3,B,0,0.0
237,37,female,mobile,sns,27.16623096007408,7,A,0,0.0
238,53,male,desktop,organic,19.84770656162156,3,A,0,0.0
239,36,female,mobile,organic,5.2421002494304805,2,A,1,7602.031325309419
240,43,female,mobile,organic,8.158777018532883,4,B,0,0.0
241,20,male,desktop,organic,6.27808801792394,2,A,0,0.0
242,36,female,desktop,organic,4.496654568445091,2,A,0,0.0
243,37,male,mobile,organic,0.2741186319598373,3,B,0,0.0
244,49,female,mobile,organic,3.0326858939522596,0,B,0,0.0
245,24,male,mobile,sns,5.616363904695659,0,B,0,0.0
246,58,male,desktop,ads,5.658750875488164,3,A,1,4336.011082239847
247,50,female,mobile,organic,2.3350216057317392,4,B,0,0.0
248,57,male,mobile,ads,14.21007872475774,6,A,1,4623.927428226663
249,56,male,desktop,organic,0.9157516941152922,4,A,0,0.0
250,35,female,mobile,organic,3.469331657590699,2,A,0,0.0
251,57,male,mobile,ads,5.870192960707369,2,A,0,0.0
252,18,male,mobile,organic,5.972353891048593,8,A,0,0.0
253,28,female,mobile,organic,5.229704854910359,4,B,0,0.0
254,45,female,mobile,sns,1.609906194807168,3,A,0,0.0
255,42,male,mobile,sns,0.8492378198547863,1,B,0,0.0
256,40,male,mobile,ads,5.0521874374619475,2,A,1,3951.302767503292
257,48,female,mobile,ads,4.572737712303205,1,A,0,0.0
258,47,female,desktop,ads,0.9883294682328686,3,B,0,0.0
259,59,male,mobile,organic,6.106258569092443,4,A,0,0.0
260,52,female,desktop,organic,3.0364255764388965,0,A,0,0.0
261,24,male,mobile,organic,5.509497301556076,2,B,0,0.0
262,33,male,desktop,organic,9.081298204613951,5,B,0,0.0
263,43,male,desktop,ads,0.930012186111506,5,A,0,0.0
264,19,male,mobile,organic,0.09665252060320517,3,A,0,0.0
265,18,male,desktop,sns,7.55028438535453,1,A,0,0.0
266,29,female,desktop,sns,4.704165038596199,3,B,0,0.0
267,22,female,mobile,ads,6.013860454390006,2,A,0,0.0
268,54,female,mobile,ads,9.105580186750542,5,B,0,0.0
269,49,female,mobile,sns,8.117961443897677,1,B,0,0.0
270,26,male,desktop,organic,16.210741057540957,3,A,0,0.0
271,58,male,desktop,ads,3.838654101381316,3,B,0,0.0
272,52,male,desktop,organic,3.3519957766380086,4,A,0,0.0
273,36,male,mobile,ads,2.5698795693722025,2,A,0,0.0
274,33,female,desktop,organic,0.8343539423031892,2,B,0,0.0
275,20,male,mobile,sns,4.250259296105759,1,B,0,0.0
276,37,male,mobile,sns,1.6218168984630423,0,B,1,6050.614925004301
277,41,female,mobile,organic,12.711037909505007,2,B,0,0.0
278,50,female,mobile,organic,4.375633630557236,2,B,0,0.0
279,41,female,mobile,sns,4.492747468663413,1,B,0,0.0
280,28,female,mobile,organic,2.19194082082837,5,A,0,0.0
281,25,male,mobile,sns,0.2669477234958443,7,A,0,0.0
282,53,male,mobile,ads,0.16129260770302406,2,A,0,0.0
283,55,female,mobile,organic,2.752470101567029,2,B,0,0.0
284,57,male,mobile,organic,0.44178164933378405,2,B,0,0.0
285,37,male,mobile,organic,4.667781584065128,1,B,0,0.0
286,52,male,mobile,ads,10.64202484115725,2,A,0,0.0
287,42,female,mobile,organic,10.724267725759072,2,A,0,0.0
288,52,male,mobile,ads,5.380029890547041,5,B,0,-0.0
289,42,female,mobile,organic,1.1864141540467563,0,B,0,0.0
290,46,male,mobile,ads,9.938756123270604,3,B,1,5298.0794012499955
291,35,male,mobile,sns,10.86188387330262,2,B,0,0.0
292,63,male,mobile,sns,1.0948462850360547,5,A,0,0.0
293,35,female,desktop,organic,6.686113292848202,3,A,0,0.0
294,19,male,mobile,sns,1.6880012053853386,5,A,1,5177.212781449497
295,52,female,mobile,ads,8.113636947089958,6,B,0,0.0
296,33,female,mobile,ads,29.458819920511765,3,A,0,0.0
297,58,female,mobile,sns,0.15243008731011756,5,B,0,0.0
298,53,male,mobile,organic,11.382923547395158,2,B,0,0.0
299,50,male,mobile,organic,4.8726527722878155,0,B,0,0.0
300,21,male,mobile,sns,18.130954308603386,6,A,0,0.0
301,50,male,mobile,organic,3.1275316100669692,5,A,0,0.0
302,31,female,mobile,sns,9.399280356643363,3,B,0,0.0
303,38,female,desktop,sns,0.32212767012842175,6,A,0,0.0
304,37,female,desktop,organic,2.0419397528551704,3,B,0,0.0
305,25,male,desktop,sns,0.3468390182076232,1,B,0,0.0
306,24,female,desktop,organic,18.513499282987343,0,B,0,0.0
307,20,male,mobile,ads,8.490632765453647,2,A,0,0.0
308,34,female,mobile,ads,9.5712432743357,2,A,0,0.0
309,50,male,mobile,sns,13.900301338964836,4,B,0,0.0
310,29,male,mobile,organic,0.4447215984366044,5,A,0,0.0
311,39,female,desktop,organic,2.435525893605109,1,A,0,0.0
312,39,female,mobile,ads,0.36842048178420517,4,A,0,0.0
313,63,female,desktop,ads,1.1836338190250637,3,A,0,0.0
314,47,female,mobile,ads,1.3027071848820395,2,B,0,0.0
315,55,male,desktop,organic,3.1659759108498404,3,A,0,0.0
316,55,female,mobile,organic,1.5637152419979117,2,B,0,0.0
317,62,female,mobile,organic,0.5322394599515666,3,B,0,0.0
318,25,female,mobile,sns,0.9165567669698085,5,A,0,0.0
319,44,male,mobile,organic,0.7965941795647717,2,B,0,0.0
320,44,male,mobile,organic,18.073834164996214,5,B,0,0.0
321,51,female,mobile,sns,7.1208640215077725,1,A,0,0.0
322,38,male,desktop,organic,17.172964055921454,0,B,0,0.0
323,47,female,mobile,sns,2.896775928236257,4,B,0,0.0
324,50,male,mobile,ads,1.631203163910938,6,A,0,0.0
325,45,male,mobile,sns,8.00470053659235,4,A,0,0.0
326,64,male,desktop,organic,1.9745098602513413,3,A,0,0.0
327,50,male,mobile,organic,1.7789721849606435,5,A,0,0.0
328,22,female,mobile,ads,1.3231230349408831,2,A,0,0.0
329,36,female,mobile,sns,0.6944657242346085,2,B,0,0.0
330,21,female,mobile,ads,1.481684158781171,2,B,0,0.0
331,52,male,mobile,organic,2.1950040958558246,4,A,0,0.0
332,34,female,mobile,ads,5.604200656745553,3,A,0,0.0
333,61,female,mobile,ads,0.3230384428183206,5,B,0,0.0
334,45,female,desktop,ads,1.1818211763742075,2,A,1,974.1839122132872
335,47,male,mobile,ads,8.278028148781994,2,A,0,0.0
336,46,male,mobile,sns,0.7945210206221643,3,B,0,0.0
337,63,male,mobile,ads,2.0976564723377953,3,B,0,0.0
338,23,female,desktop,organic,9.99978591018371,4,B,0,0.0
339,52,female,mobile,organic,0.8416513317584938,1,A,0,0.0
340,58,female,desktop,organic,0.4318043191951981,0,B,0,0.0
341,54,male,mobile,organic,3.3134584176867077,1,A,0,0.0
342,41,male,mobile,organic,1.8006868796389461,4,B,0,0.0
343,46,female,mobile,organic,4.143784966406359,3,A,0,0.0
344,63,male,desktop,organic,8.143228290865643,4,A,1,4275.064720481149
345,48,male,mobile,organic,0.7375633156735949,1,A,0,0.0
346,52,male,desktop,sns,4.3458322076818146,5,B,1,4942.300559731463
347,50,male,desktop,sns,3.521129218640965,3,B,1,7660.318710709456
348,38,female,mobile,organic,0.7778847340567875,4,B,0,0.0
349,49,male,mobile,sns,4.890810538759516,4,A,0,0.0
350,40,male,mobile,ads,1.598550472856222,4,B,0,0.0
351,50,male,mobile,organic,3.345535548474945,1,B,0,0.0
352,20,male,desktop,organic,0.4292729095505401,4,A,0,0.0
353,35,female,desktop,ads,3.0770808575299577,3,A,0,0.0
354,42,female,mobile,ads,1.8297568147735686,2,B,0,0.0
355,59,male,mobile,ads,8.640578305722409,5,B,0,0.0
356,48,male,desktop,organic,0.2933321887280849,4,B,0,0.0
357,20,male,mobile,organic,2.711644018475361,3,A,0,0.0
358,57,male,desktop,organic,3.0664278999475174,4,B,0,0.0
359,63,male,mobile,organic,6.455031385964184,4,A,0,0.0
360,41,male,mobile,organic,4.269956097824136,3,A,0,0.0
361,49,female,mobile,organic,5.501253208091015,1,B,0,0.0
362,64,male,mobile,sns,7.504022719200143,2,B,0,0.0
363,39,female,mobile,sns,9.909867500789174,0,A,0,0.0
364,40,female,mobile,organic,1.8834808803283205,4,A,0,0.0
365,19,male,mobile,sns,3.861197674587034,1,B,0,0.0
366,44,female,desktop,organic,9.16628591119818,5,B,0,0.0
367,59,female,desktop,organic,22.758683126428632,1,B,0,0.0
368,19,female,mobile,organic,11.014572669368903,4,A,0,0.0
369,43,female,mobile,ads,2.3218358210038934,1,A,0,0.0
370,34,female,mobile,sns,1.085599383242565,6,B,0,0.0
371,57,female,mobile,ads,3.3607707946998784,4,A,0,0.0
372,50,male,mobile,organic,6.7670346863203505,1,A,0,0.0
373,26,female,mobile,ads,3.3919733866756934,3,B,0,0.0
374,60,female,mobile,organic,3.300311490037453,3,A,0,0.0
375,56,female,mobile,sns,9.107911543049326,4,B,1,7469.758034772674
376,46,male,mobile,ads,2.242414582282474,2,B,0,0.0
377,59,female,mobile,organic,9.823236611522212,4,A,0,0.0
378,43,male,desktop,ads,2.611158810307507,3,A,0,0.0
379,52,female,mobile,ads,1.9892194104343908,3,B,0,0.0
380,42,male,mobile,organic,3.025589128758565,2,A,0,0.0
381,41,male,mobile,ads,7.186821742735029,4,B,0,0.0
382,30,female,mobile,organic,0.6733861176990653,3,A,0,0.0
383,24,female,desktop,ads,1.0933877928111206,1,A,0,0.0
384,53,male,mobile,sns,15.125272562192738,1,A,0,0.0
385,62,female,desktop,sns,0.964839911254856,2,B,0,-0.0
386,37,male,mobile,ads,4.193493406866942,2,A,0,0.0
387,18,male,mobile,ads,4.329348380491145,1,B,0,0.0
388,25,male,desktop,organic,3.3630423765726603,6,B,0,0.0
389,63,male,mobile,ads,5.174600686113209,2,B,1,3855.6961341549113
390,33,male,mobile,organic,1.3056987900925896,5,A,0,0.0
391,31,female,mobile,organic,4.022207082914743,7,B,0,0.0
392,29,male,mobile,organic,2.3274551736404088,5,B,0,0.0
393,40,male,desktop,organic,5.418627143872415,4,A,0,0.0
394,32,female,mobile,ads,0.7612331381052285,3,B,0,0.0
395,45,male,mobile,organic,4.230063296187814,4,B,1,3769.294466477132
396,51,female,mobile,ads,1.024494725853495,1,A,0,0.0
397,19,female,mobile,organic,1.6331060305257064,2,B,0,0.0
398,49,female,mobile,organic,1.2340431183475278,4,A,0,0.0
399,40,male,mobile,ads,1.0095882398980869,1,B,0,0.0
400,39,male,mobile,organic,8.73520080051758,4,B,0,0.0
401,42,male,desktop,organic,1.6823141569534437,6,A,0,0.0
402,39,female,mobile,ads,13.094964595202686,3,B,1,5685.143663062913
403,39,male,mobile,organic,17.52055868226091,1,B,0,0.0
404,59,female,desktop,sns,4.2345285023925685,2,B,0,0.0
405,23,male,mobile,organic,0.7715933519011431,4,A,0,0.0
406,32,female,mobile,organic,2.3464053987741575,3,A,0,0.0
407,60,male,mobile,ads,7.990815151086437,1,A,1,5698.451125088934
408,54,male,mobile,organic,2.289511561743342,7,A,0,0.0
409,50,male,mobile,organic,0.45519128802100783,2,A,0,0.0
410,25,female,desktop,organic,4.068500491944789,5,B,0,0.0
411,61,female,mobile,organic,9.325550766240665,6,A,0,0.0
412,61,male,mobile,sns,7.9463725144594495,1,A,0,0.0
413,22,male,desktop,organic,0.9626058227600851,0,A,0,0.0
414,56,female,mobile,ads,5.585377667199042,2,B,0,0.0
415,21,female,mobile,sns,1.245540299742289,3,B,0,0.0
416,23,female,mobile,organic,1.2308298155587216,5,A,0,0.0
417,62,male,desktop,sns,10.36021581868679,0,B,0,0.0
418,49,female,mobile,organic,1.4362038674606603,0,B,0,0.0
419,47,male,mobile,sns,1.5275152788324524,3,B,0,0.0
420,64,female,mobile,organic,0.0032680215703518455,4,B,0,0.0
421,52,male,mobile,ads,10.22690266644361,3,A,0,0.0
422,57,female,mobile,organic,7.865404874322916,4,A,0,0.0
423,33,female,mobile,organic,4.935295559612935,3,B,0,0.0
424,30,female,desktop,ads,6.9367899115989875,5,B,0,0.0
425,59,female,mobile,ads,0.8246595886831491,6,B,0,0.0
426,47,female,mobile,organic,3.0654324691254775,3,B,0,0.0
427,36,male,desktop,organic,2.1633032924217135,4,A,0,0.0
428,34,female,desktop,ads,0.49234671797103785,1,B,0,0.0
429,36,female,mobile,ads,3.3289295402065058,3,A,0,0.0
430,45,female,mobile,sns,12.675086398529636,3,B,0,0.0
431,43,male,mobile,ads,0.20441789380499487,2,A,0,0.0
432,54,female,desktop,sns,1.722750267019295,4,B,0,0.0
433,43,male,desktop,ads,1.1630721454153987,3,A,0,0.0
434,40,female,mobile,organic,1.3600060034847197,5,A,1,5181.581805934215
435,26,female,desktop,organic,11.953506411923291,3,A,0,0.0
436,29,male,mobile,ads,3.156207996288356,3,B,0,0.0
437,18,female,mobile,ads,3.1396014783062025,2,A,0,0.0
438,18,male,mobile,organic,7.147588734519326,0,B,0,0.0
439,64,male,desktop,organic,0.8390894505614923,4,A,0,0.0
440,51,female,mobile,sns,3.339984135452396,3,A,0,0.0
441,49,male,desktop,ads,2.8104648917574453,2,B,0,0.0
442,42,female,desktop,organic,4.542985650204533,4,A,0,0.0
443,57,female,desktop,organic,38.617647610312304,6,B,0,0.0
444,62,male,mobile,organic,7.336413617363867,4,B,0,0.0
445,18,male,mobile,organic,2.5363738693217295,4,B,1,1547.5304319758668
446,33,male,mobile,organic,8.788328196142539,2,B,0,0.0
447,56,male,mobile,organic,0.9359169618058403,1,A,0,0.0
448,22,female,mobile,ads,0.15468674449368608,1,A,0,0.0
449,39,female,desktop,organic,1.1435976691547312,1,B,0,0.0
450,46,male,mobile,sns,2.0806960416615414,4,A,0,0.0
451,20,female,mobile,sns,3.5726790505528023,3,A,0,0.0
452,29,female,mobile,organic,4.774237154703567,4,B,0,0.0
453,43,female,mobile,ads,12.07349274895966,4,A,0,0.0
454,33,female,mobile,organic,3.5652599627986885,2,B,0,0.0
455,54,male,mobile,sns,3.4785086494797635,6,A,0,0.0
456,39,male,desktop,organic,0.25774563461784317,3,A,0,0.0
457,46,female,mobile,ads,0.1776776328235749,1,B,1,3859.493614343821
458,31,male,desktop,ads,4.005443586682345,3,A,0,0.0
459,45,male,desktop,organic,2.8828564838544906,2,A,0,0.0
460,22,male,mobile,organic,9.137360039524067,2,B,0,0.0
461,64,female,desktop,ads,0.8758137200227976,3,A,0,0.0
462,47,female,mobile,ads,0.12644371955660194,3,B,0,0.0
463,63,female,desktop,organic,2.9804541576218884,3,A,0,0.0
464,22,male,mobile,ads,1.3556232430193662,3,B,1,665.8198769484853
465,29,female,desktop,organic,0.2544372697534939,6,B,1,3178.714959824011
466,33,female,desktop,ads,6.447622360550428,6,B,1,5713.940194790534
467,43,male,desktop,organic,0.5916265380557515,3,B,0,0.0
468,43,female,desktop,sns,4.6865441128329985,3,B,0,0.0
469,38,female,mobile,organic,1.649815586056245,3,A,0,0.0
470,56,male,mobile,organic,0.9527529148633623,2,A,0,0.0
471,53,male,mobile,organic,2.388175558723339,3,B,0,0.0
472,50,male,mobile,organic,8.083465242579141,3,A,1,1146.1274235088913
473,47,female,mobile,ads,2.4886715912187767,3,B,0,0.0
474,54,female,mobile,organic,6.946888532959782,1,A,0,0.0
475,40,female,desktop,sns,0.6704365744556661,4,A,0,0.0
476,27,male,mobile,organic,7.408994031594318,1,B,1,4655.0079312050875
477,22,male,desktop,organic,1.352049330360584,4,B,0,0.0
478,53,female,mobile,organic,5.656604087255282,2,A,0,0.0
479,51,female,desktop,organic,4.171037708251309,2,A,0,0.0
480,48,male,desktop,organic,13.235578763142398,5,B,0,0.0
481,27,male,mobile,organic,2.4495830598328183,4,A,0,0.0
482,36,male,mobile,organic,0.34227859051140086,1,A,0,0.0
483,49,male,desktop,organic,0.09670664486445757,1,B,0,0.0
484,18,female,mobile,ads,8.768232259392127,5,A,0,0.0
485,22,male,mobile,ads,3.719420387367803,3,B,0,0.0
486,62,female,mobile,organic,7.463700701425875,1,B,0,0.0
487,21,female,mobile,organic,1.335644386220155,1,B,0,0.0
488,33,female,mobile,sns,2.1162395363326136,5,A,0,0.0
489,41,male,mobile,ads,0.15283148986313605,4,A,1,5514.475501353045
490,33,male,mobile,ads,16.284488479234657,4,B,0,0.0
491,19,male,mobile,organic,5.511112589061934,1,B,0,0.0
492,45,male,desktop,ads,13.530641827008182,0,A,0,0.0
493,49,female,mobile,ads,1.5428019610061596,4,A,0,0.0
494,44,male,desktop,ads,4.726842243809473,2,A,0,0.0
495,37,male,mobile,sns,5.673788183406287,4,B,0,0.0
496,41,female,mobile,organic,1.9103278773241574,1,B,0,0.0
497,29,male,mobile,organic,9.422968339540976,1,A,0,0.0
498,52,female,mobile,ads,14.702572425907544,4,A,0,0.0
499,50,female,mobile,sns,10.80782048718696,2,A,0,0.0
500,50,female,mobile,organic,6.717457586923357,1,B,0,0.0
501,60,female,mobile,organic,1.624944869983028,1,B,0,0.0
502,54,female,mobile,organic,1.6537554628434192,3,A,0,0.0
503,29,female,mobile,organic,16.53311742506215,4,A,1,1837.289547739886
504,20,female,mobile,ads,0.051688733920392256,2,B,0,0.0
505,18,female,mobile,ads,6.294785092121541,2,B,0,0.0
506,50,male,desktop,organic,6.125065749837182,4,A,0,0.0
507,57,male,mobile,organic,4.873434658081642,3,A,0,0.0
508,27,male,mobile,organic,23.080572327089858,1,A,0,0.0
509,60,male,desktop,organic,1.8689560884289393,1,B,0,0.0
510,61,female,mobile,ads,2.0773640712701704,3,A,0,0.0
511,46,male,mobile,sns,0.41114725022456916,2,B,1,6577.940250093841
512,30,female,desktop,sns,2.924138463799997,3,B,0,0.0
513,29,male,mobile,organic,1.5126151245955821,2,A,0,0.0
514,48,male,mobile,sns,2.1033001078636575,6,A,0,0.0
515,63,male,mobile,ads,8.996089781267631,7,B,0,0.0
516,19,female,mobile,ads,13.704249918254913,4,A,0,0.0
517,52,male,mobile,organic,1.0273352268225353,2,B,0,0.0
518,40,female,mobile,organic,2.3301292081441805,2,A,0,0.0
519,34,female,mobile,organic,13.199427710520375,0,A,0,-0.0
520,43,male,mobile,organic,0.31900575565085665,5,A,0,0.0
521,25,male,desktop,organic,0.48454018310194,2,A,0,0.0
522,46,male,desktop,organic,0.8884076272803241,4,B,0,0.0
523,43,female,mobile,organic,4.521969331851857,4,B,0,0.0
524,27,male,mobile,ads,0.8153734842803941,4,B,0,0.0
525,43,female,mobile,organic,17.222045748766888,5,A,0,0.0
526,51,female,mobile,organic,2.9594059254304432,3,B,0,0.0
527,58,male,mobile,sns,3.480938595079946,3,B,0,0.0
528,24,male,mobile,sns,1.4161839422852345,5,B,0,0.0
529,21,female,desktop,ads,3.1834585638603845,4,A,0,0.0
530,62,female,mobile,sns,5.422269456987178,3,B,0,0.0
531,28,female,mobile,ads,6.955070145337542,4,A,0,0.0
532,46,male,mobile,sns,7.009438188166358,3,A,0,0.0
533,53,female,mobile,organic,4.312459857190263,3,B,0,0.0
534,42,male,desktop,organic,11.735808918792035,4,A,0,0.0
535,38,female,desktop,organic,8.502501435670823,3,B,1,1672.3192534460889
536,53,female,desktop,organic,7.074459290608738,1,B,0,0.0
537,27,male,mobile,organic,0.28605660274103417,3,B,1,7558.079832918508
538,54,female,mobile,ads,0.03450862210747384,2,B,0,0.0
539,26,male,mobile,ads,1.1941248046516135,2,B,1,6841.631731759991
540,41,male,mobile,ads,5.446136239986656,4,A,0,0.0
541,52,female,mobile,organic,2.6483222338555295,4,B,0,0.0
542,52,male,desktop,sns,2.5742205964007474,1,A,0,0.0
543,53,male,mobile,ads,10.796186555842173,7,B,0,0.0
544,35,female,mobile,organic,11.295849030154477,3,B,1,7723.214472633503
545,56,male,mobile,ads,11.994118040788866,2,B,0,0.0
546,49,male,mobile,organic,1.8834996801044137,6,A,0,0.0
547,41,male,mobile,organic,5.87297321075241,0,A,1,6308.747918787236
548,40,female,desktop,sns,1.5847524290519641,6,A,0,0.0
549,49,male,desktop,organic,1.057370976056068,3,A,0,0.0
550,54,female,desktop,organic,1.0205814740946557,3,B,0,0.0
551,29,female,mobile,sns,2.0935695928863476,5,B,1,4480.695183410611
552,30,male,mobile,ads,2.8102228482699436,5,A,0,0.0
553,40,male,mobile,organic,8.887779231457117,2,A,0,0.0
554,42,male,mobile,organic,0.6385481087491485,4,A,0,0.0
555,52,female,desktop,organic,6.6387283549360445,3,B,0,0.0
556,58,male,mobile,ads,3.7906147377303485,6,A,0,0.0
557,47,male,mobile,organic,1.6980030230600378,1,A,0,0.0
558,34,male,mobile,organic,3.394442448212634,3,B,1,5078.921160928209
559,37,male,mobile,sns,1.7829609495077299,5,A,0,0.0
560,42,male,desktop,ads,4.53271640550258,3,B,0,0.0
561,39,female,mobile,organic,2.844427420597862,2,B,0,0.0
562,30,female,mobile,ads,0.8980593310915677,0,B,0,0.0
563,36,male,mobile,ads,0.6197901028445114,1,B,0,0.0
564,53,male,mobile,organic,3.9559579776970217,4,B,1,4053.7569907812886
565,29,male,desktop,organic,11.635056661237526,6,A,0,0.0
566,58,male,desktop,sns,2.1076499495978767,2,A,0,0.0
567,36,female,desktop,organic,6.602535110824133,4,B,0,0.0
568,29,male,desktop,ads,5.374401002359871,1,B,0,0.0
569,26,female,mobile,organic,13.408617619868695,1,A,0,0.0
570,24,female,mobile,organic,8.601317150779932,9,A,0,0.0
571,45,male,mobile,organic,4.180531620112004,2,B,0,0.0
572,31,female,mobile,organic,5.350568759519473,2,A,1,5600.30190247235
573,48,female,desktop,organic,11.432892748977165,3,A,0,0.0
574,36,female,mobile,organic,2.5501195976414404,4,B,1,6082.386014600862
575,64,female,desktop,sns,1.9785247627584628,2,A,0,0.0
576,33,male,mobile,sns,0.05434974021507358,1,A,0,0.0
577,22,male,mobile,ads,8.759360493377885,2,A,0,0.0
578,52,female,mobile,sns,8.07176738031259,1,A,0,0.0
579,29,male,desktop,organic,0.5516113468993782,0,B,0,0.0
580,42,male,mobile,sns,4.300229981594398,3,A,0,0.0
581,38,male,mobile,organic,3.1179348664161926,2,B,0,0.0
582,53,male,mobile,sns,0.6318375474465349,6,A,0,0.0
583,40,male,mobile,sns,19.70422886118751,2,B,0,0.0
584,33,female,mobile,ads,1.2084211585809954,2,B,0,0.0
585,56,male,desktop,sns,0.3480055326070639,2,A,0,0.0
586,62,male,mobile,ads,4.517457210631045,6,B,0,0.0
587,59,male,mobile,organic,6.713620932495302,1,B,0,0.0
588,56,male,mobile,organic,0.1649070104427652,4,B,0,0.0
589,31,female,mobile,ads,5.375225527050153,4,B,0,0.0
590,48,female,desktop,organic,3.7995542209415816,2,B,0,0.0
591,22,female,mobile,ads,0.5449744983834416,3,A,0,0.0
592,52,female,mobile,sns,0.9468751323152913,0,B,0,0.0
593,40,male,mobile,organic,4.196350977771915,3,B,0,0.0
594,46,female,desktop,ads,1.7574251281346513,4,A,0,-0.0
595,60,male,desktop,sns,13.928631509919766,2,A,0,0.0
596,28,male,mobile,sns,8.539120402026764,4,B,0,0.0
597,35,male,mobile,sns,20.542381689356006,0,A,0,0.0
598,64,male,mobile,ads,1.5033018972719208,2,A,0,0.0
599,29,male,desktop,sns,17.48693915561699,4,A,0,0.0
600,26,female,mobile,ads,2.8214297415654244,4,A,0,0.0
601,27,female,mobile,organic,2.13486472639357,2,A,0,0.0
602,61,female,mobile,organic,0.25830642606752446,3,A,0,0.0
603,34,female,mobile,ads,0.2710416837253274,4,B,0,0.0
604,55,male,mobile,organic,5.888460209788519,4,B,0,0.0
605,24,female,desktop,ads,3.0617913977190954,3,A,0,0.0
606,63,male,mobile,ads,1.2842878401807567,3,A,0,0.0
607,30,female,mobile,organic,4.7592049292871925,3,B,0,0.0
608,57,male,mobile,ads,1.4575008823830735,2,A,0,0.0
609,59,male,desktop,ads,4.3093886271036554,3,B,0,0.0
610,26,female,mobile,organic,2.225257667094912,4,A,0,0.0
611,44,male,desktop,organic,8.673651739398307,5,B,0,0.0
612,19,male,mobile,organic,8.593367431283085,5,B,0,0.0
613,22,female,mobile,organic,3.2442200837088957,1,A,0,0.0
614,46,male,mobile,sns,2.160219394899083,5,A,0,0.0
615,54,female,mobile,organic,2.251474024364912,4,A,0,0.0
616,55,female,mobile,ads,8.192133421825595,2,A,0,0.0
617,36,female,desktop,organic,1.9888203081482578,2,B,0,0.0
618,25,male,mobile,organic,1.1726618780401754,1,A,0,0.0
619,62,male,mobile,sns,0.44245330864340743,3,B,0,0.0
620,18,male,mobile,ads,3.143291311554214,5,A,0,0.0
621,39,female,desktop,organic,3.290175432324232,1,B,0,0.0
622,34,male,desktop,organic,9.191385465563265,2,A,0,0.0
623,24,female,mobile,organic,1.2502534699439356,3,A,0,0.0
624,42,female,desktop,organic,2.3981795446533662,3,B,0,0.0
625,62,male,mobile,ads,8.26187683183126,3,A,0,0.0
626,21,female,mobile,organic,8.675674960755783,3,A,0,0.0
627,53,male,desktop,organic,2.4275040713585487,5,A,0,0.0
628,23,male,desktop,organic,3.0728263731820924,4,A,1,7071.464933945883
629,48,male,mobile,sns,1.8069006287531844,3,A,0,0.0
630,36,male,mobile,sns,13.482205126989522,5,B,0,0.0
631,61,male,mobile,organic,0.6314669130403348,4,A,0,0.0
632,56,female,desktop,ads,13.571555523709794,1,B,0,0.0
633,44,female,mobile,organic,5.757952669500003,3,A,0,0.0
634,27,female,mobile,organic,3.7918659851665666,3,A,0,0.0
635,43,male,mobile,ads,0.16602135752814146,1,B,0,0.0
636,36,male,mobile,sns,3.2274663257359943,5,B,0,0.0
637,56,male,mobile,sns,2.619116181453349,3,B,0,0.0
638,20,female,desktop,ads,0.8790270372663538,2,B,0,0.0
639,62,male,mobile,organic,5.341525194576521,3,B,0,0.0
640,30,female,mobile,ads,17.72838368881519,3,A,0,0.0
641,45,female,mobile,organic,4.129837685176118,3,B,1,3738.3580121851164
642,37,male,desktop,ads,6.272003882624176,1,B,1,1959.074835058227
643,45,male,mobile,organic,0.35452949668158545,5,A,0,0.0
644,25,female,mobile,ads,2.7035641137150757,1,A,0,0.0
645,58,male,desktop,organic,0.6185191239833109,4,B,1,5222.78170700992
646,56,female,desktop,organic,4.744015841541465,2,B,0,0.0
647,18,male,desktop,sns,13.942140179522912,3,B,0,0.0
648,20,male,desktop,organic,5.420260016915131,4,A,0,0.0
649,30,female,mobile,ads,0.39956342567061587,3,B,0,0.0
650,45,male,desktop,organic,2.1899379219915143,8,A,0,0.0
651,42,female,mobile,organic,3.999914802101498,2,A,0,0.0
652,50,male,desktop,organic,2.5809311318943373,2,A,0,0.0
653,55,female,desktop,organic,8.968126358031533,1,A,0,0.0
654,23,female,desktop,sns,8.428113401910903,1,B,0,0.0
655,61,male,mobile,organic,4.7315725948509915,5,A,0,0.0
656,62,female,mobile,sns,2.337696901076391,2,A,0,0.0
657,49,male,mobile,ads,1.4741133548511467,0,B,0,0.0
658,62,male,desktop,organic,0.559544650176805,2,A,0,0.0
659,64,male,desktop,ads,2.191731722567041,5,B,0,0.0
660,38,female,mobile,ads,2.6651219939284987,4,A,0,0.0
661,33,female,mobile,ads,5.632326925124914,4,B,0,0.0
662,38,male,mobile,organic,5.367059868281256,4,A,0,0.0
663,28,male,desktop,organic,0.36343489389965566,4,A,0,0.0
664,54,female,desktop,sns,2.5147776669135355,1,B,0,0.0
665,53,male,mobile,sns,1.003113227188961,3,A,0,0.0
666,52,male,mobile,sns,0.8528308464195054,1,A,0,0.0
667,36,female,desktop,organic,8.78105870859818,4,B,0,0.0
668,37,male,desktop,ads,0.2140950231550728,4,A,0,0.0
669,35,female,mobile,organic,2.7165966613329324,3,A,0,0.0
670,64,male,mobile,organic,0.9208382334480892,3,B,0,0.0
671,58,female,mobile,organic,10.573487596197598,3,B,0,0.0
672,31,male,mobile,ads,4.07138482603557,4,B,1,7896.82334024478
673,32,male,mobile,organic,1.315797039000406,2,B,0,0.0
674,48,female,mobile,organic,3.4900678830690413,3,B,0,0.0
675,18,male,desktop,sns,6.574267822364975,4,A,0,0.0
676,20,female,mobile,organic,15.864496757970013,5,B,0,0.0
677,33,male,desktop,organic,1.2451666157664185,2,A,0,0.0
678,40,female,mobile,organic,10.865762977530828,2,B,0,0.0
679,28,female,mobile,sns,13.613594879810318,1,A,0,0.0
680,29,female,mobile,ads,12.409787685418447,2,A,0,0.0
681,27,female,mobile,organic,5.044968972670079,4,B,0,0.0
682,49,male,desktop,sns,4.968838365187657,2,A,0,0.0
683,33,male,desktop,sns,2.580955236241663,2,A,0,0.0
684,25,female,mobile,organic,6.979660926578272,4,B,1,8036.645649134628
685,55,female,mobile,ads,3.7888980596113253,3,B,0,0.0
686,29,female,desktop,ads,5.657300669910428,4,B,0,0.0
687,41,male,mobile,ads,2.7970856970137055,1,B,0,0.0
688,45,male,mobile,organic,6.574455979103181,3,A,0,0.0
689,25,male,desktop,sns,8.699769781963521,6,A,0,0.0
690,45,male,mobile,ads,0.7916752741484376,3,A,0,0.0
691,53,female,mobile,organic,8.946703451395797,1,A,0,0.0
692,43,female,mobile,organic,3.8858681584589765,3,A,1,6492.766161967129
693,25,female,desktop,organic,9.310885282174668,6,A,0,0.0
694,45,male,mobile,organic,2.8220261254884176,4,B,0,0.0
695,45,male,mobile,ads,2.382446965136942,4,A,0,0.0
696,54,male,desktop,organic,12.329093890356795,1,A,0,0.0
697,58,female,mobile,organic,1.4462115619560123,5,A,0,0.0
698,53,female,desktop,ads,9.296306291709906,0,B,0,0.0
699,44,male,mobile,organic,3.308441917498218,5,B,1,4480.476689424648
700,34,female,desktop,sns,3.6087152910890263,2,B,0,0.0
701,26,male,mobile,organic,1.8442312989449157,0,B,0,0.0
702,50,male,mobile,organic,4.255350505635326,3,A,0,0.0
703,37,female,mobile,organic,1.9667776021999341,6,A,0,0.0
704,30,male,mobile,organic,0.2003062856136337,3,A,0,0.0
705,45,female,desktop,organic,1.5872615752575572,2,B,0,0.0
706,46,male,desktop,ads,0.03199738222914365,2,A,0,0.0
707,30,female,mobile,sns,19.16485480076762,2,A,0,0.0
708,63,female,mobile,organic,16.869936262375717,3,A,0,0.0
709,52,female,desktop,ads,2.5139177196934486,7,B,0,0.0
710,23,male,desktop,ads,6.516587890408427,0,B,0,0.0
711,35,male,mobile,sns,2.1217574292857035,3,B,0,0.0
712,22,female,mobile,organic,5.55990360274469,3,A,0,0.0
713,64,female,mobile,organic,8.184817523676712,4,A,0,0.0
714,42,male,mobile,organic,14.664373762425988,3,A,0,0.0
715,19,male,mobile,ads,2.5558973972415764,3,A,0,0.0
716,27,male,mobile,sns,7.646160312407585,3,B,0,0.0
717,47,female,mobile,organic,1.5457438820776304,3,A,0,0.0
718,62,male,desktop,organic,23.19482619614794,7,B,0,0.0
719,22,male,mobile,sns,0.13053725868436594,2,A,0,0.0
720,50,female,mobile,sns,4.625759462519728,2,B,0,0.0
721,18,male,mobile,sns,5.3867886040240585,3,A,0,0.0
722,35,male,mobile,ads,5.824490590486503,3,A,0,0.0
723,49,male,mobile,organic,0.6413694948500309,4,B,0,0.0
724,64,female,mobile,ads,13.946012527945165,2,B,0,0.0
725,28,female,mobile,ads,0.9994750205818287,3,A,0,0.0
726,38,female,mobile,organic,4.874281012770188,3,A,0,0.0
727,43,female,mobile,ads,1.259490644510413,3,A,0,0.0
728,42,female,mobile,ads,1.8351880931945868,2,B,0,0.0
729,39,female,desktop,organic,3.953342975723864,3,A,0,0.0
730,44,female,mobile,ads,2.699499559696459,1,B,0,0.0
731,30,male,desktop,ads,0.873109979039669,5,A,0,0.0
732,50,male,mobile,sns,0.937292053855441,4,A,0,0.0
733,51,female,mobile,organic,2.707668195564177,3,A,1,5824.968925583025
734,58,male,mobile,organic,7.079295169368647,4,A,0,0.0
735,52,male,mobile,ads,11.412179631090616,3,B,0,0.0
736,18,female,desktop,organic,0.439391466498047,3,B,0,0.0
737,38,male,desktop,ads,2.496988423583337,4,A,1,5041.124940859655
738,23,male,desktop,ads,0.5281670073437332,3,A,1,4073.1648577678075
739,45,male,mobile,organic,0.08365838868808263,4,A,0,0.0
740,34,male,mobile,ads,5.419387148993198,2,B,0,0.0
741,22,male,mobile,ads,4.612165814772763,5,A,0,0.0
742,48,female,mobile,organic,0.8897702242621857,4,B,0,0.0
743,22,female,mobile,sns,1.3316439793397283,2,B,0,0.0
744,55,female,mobile,sns,0.11996652324404326,3,B,0,0.0
745,20,male,mobile,ads,9.007449453855672,4,B,0,0.0
746,40,female,mobile,ads,18.382896273127106,4,A,0,0.0
747,54,male,desktop,organic,0.7277858481349543,4,A,0,0.0
748,54,male,desktop,sns,1.3164123188918735,5,B,0,0.0
749,27,male,desktop,ads,10.140303165636087,2,A,0,0.0
750,27,male,mobile,ads,13.049887246049575,3,A,0,0.0
751,36,female,mobile,sns,2.7204246914178967,3,A,0,0.0
752,34,female,mobile,organic,0.25974371557295006,3,B,0,0.0
753,38,male,desktop,sns,0.20094344265427083,2,A,0,0.0
754,31,female,mobile,organic,4.265991271765617,3,A,0,0.0
755,26,male,mobile,organic,2.4952685018443055,2,A,0,0.0
756,63,female,desktop,organic,0.1453546083980355,6,A,0,0.0
757,18,female,mobile,sns,4.376372488848828,4,A,0,0.0
758,62,male,mobile,sns,0.056834478312091166,2,A,0,0.0
759,30,female,mobile,ads,7.741054610960924,1,A,0,0.0
760,21,male,mobile,ads,1.829535884361161,4,A,0,0.0
761,18,female,mobile,ads,0.20545391887733705,4,A,0,0.0
762,57,male,mobile,sns,4.437936002857341,2,A,0,0.0
763,49,male,mobile,organic,2.5348687125828055,6,B,0,0.0
764,51,female,mobile,organic,18.210058226649917,3,A,0,0.0
765,45,female,desktop,organic,3.9284911389096386,0,B,0,0.0
766,48,male,mobile,ads,1.6095679171834023,3,A,0,0.0
767,25,female,mobile,ads,6.179706380335598,1,B,1,6415.172914971122
768,56,female,mobile,organic,1.5837833771435088,2,B,0,0.0
769,43,male,desktop,organic,11.729722948735802,3,A,0,0.0
770,51,male,mobile,sns,2.347794404863573,2,B,0,0.0
771,20,female,mobile,organic,3.9910782807304046,3,B,1,10082.682064061051
772,29,male,desktop,ads,0.25948371804906173,3,B,0,0.0
773,18,male,desktop,sns,2.776685604582263,2,A,0,0.0
774,61,male,mobile,organic,8.929787854022802,5,B,0,0.0
775,22,female,desktop,organic,8.190442374357614,1,B,0,0.0
776,47,female,mobile,ads,1.270066785346775,3,A,0,0.0
777,47,male,mobile,sns,1.281427847696821,3,B,0,0.0
778,34,female,mobile,ads,8.499694460871767,3,B,0,0.0
779,64,male,mobile,sns,13.324840065913936,4,B,0,0.0
780,40,female,desktop,organic,0.5010961143187671,4,A,0,0.0
781,32,male,mobile,ads,2.9897181178911145,1,B,0,0.0
782,54,male,mobile,ads,2.058328553094283,4,A,0,0.0
783,38,female,desktop,sns,10.227653561256954,2,B,0,0.0
784,31,male,desktop,organic,0.43610198332734024,1,B,0,0.0
785,19,female,mobile,sns,1.1857429694568054,3,B,0,0.0
786,28,female,mobile,ads,6.981083881060721,4,B,0,0.0
787,56,male,mobile,organic,0.2632808448768751,0,A,0,0.0
788,55,male,desktop,organic,3.3916414309481366,4,B,0,0.0
789,51,female,mobile,sns,2.9179407671138495,3,A,0,0.0
790,55,male,desktop,organic,2.035340803969688,4,B,0,0.0
791,51,male,mobile,organic,2.5091007693553884,0,A,0,0.0
792,35,male,mobile,organic,3.7744809074023227,2,B,0,0.0
793,47,male,mobile,sns,0.8799126053415917,6,B,1,4657.433351071626
794,32,male,mobile,ads,4.243112266340942,4,A,0,0.0
795,44,female,mobile,ads,8.18487627548699,4,A,0,0.0
796,51,female,desktop,organic,7.1389356067275,2,A,0,0.0
797,55,male,mobile,ads,0.835588052049445,1,A,0,0.0
798,50,male,mobile,ads,0.808181711588561,2,B,0,0.0
799,41,male,desktop,sns,1.5610650034924265,3,A,0,0.0
800,32,female,mobile,sns,2.23983887036828,2,A,0,0.0
801,47,male,desktop,organic,2.62509251776947,4,A,0,0.0
802,59,female,mobile,ads,5.692442665775756,3,B,0,0.0
803,34,female,mobile,organic,0.2917508476068961,3,B,0,0.0
804,22,female,mobile,ads,0.1764403427101483,1,B,0,0.0
805,46,male,mobile,organic,2.4871665370648692,3,B,0,0.0
806,21,female,desktop,organic,5.972814287665406,4,A,0,0.0
807,27,male,mobile,organic,1.0748560735327195,3,B,0,0.0
808,34,female,mobile,ads,5.129195595190131,2,A,0,0.0
809,27,male,mobile,organic,1.504364368611164,2,B,0,0.0
810,34,female,mobile,ads,10.861562282352137,4,A,0,0.0
811,37,male,desktop,organic,11.301937549945613,1,A,0,0.0
812,41,female,mobile,organic,1.764035057938895,4,A,1,1756.9798168223344
813,22,male,mobile,ads,1.306783262156281,1,A,0,0.0
814,51,male,desktop,organic,2.649226550765014,2,A,0,0.0
815,23,male,mobile,organic,1.3756827230918525,1,B,0,0.0
816,19,male,desktop,ads,5.5795630490897095,1,A,0,0.0
817,30,female,mobile,organic,8.745358995806876,2,A,0,0.0
818,60,female,mobile,organic,5.590384468442902,4,A,0,0.0
819,60,male,mobile,organic,8.696322232633,3,A,0,0.0
820,28,female,desktop,sns,2.529125421709347,4,B,0,0.0
821,64,male,desktop,ads,0.8498920631877976,2,B,1,7586.3561710564445
822,40,male,mobile,ads,6.6961178453594625,3,A,0,0.0
823,33,female,mobile,ads,2.2351439594779685,5,A,1,3635.3087202414686
824,48,male,mobile,organic,5.562605221006178,5,A,1,1916.4641505904049
825,28,male,mobile,organic,1.577966232167478,3,A,0,0.0
826,33,female,mobile,ads,0.4235953125196913,4,B,0,0.0
827,25,male,desktop,organic,24.519091152837706,4,B,0,0.0
828,21,male,mobile,organic,0.8492078318230081,3,A,0,0.0
829,57,male,mobile,organic,22.292808225093893,2,A,0,0.0
830,21,male,mobile,organic,18.92253358553752,3,A,0,-0.0
831,42,female,mobile,sns,7.894982545309381,3,A,1,7859.855580664178
832,20,female,mobile,organic,5.385569647955132,5,A,0,0.0
833,49,female,mobile,ads,4.311464212746629,3,B,0,0.0
834,20,male,desktop,organic,10.053367838174587,2,B,0,0.0
835,44,male,mobile,sns,1.7085060709710604,4,A,0,0.0
836,46,female,mobile,organic,3.1525637222570446,4,B,0,0.0
837,49,male,mobile,organic,4.829899848381276,1,B,0,0.0
838,36,male,desktop,ads,2.6482626810245047,5,B,0,0.0
839,38,male,desktop,ads,2.7885944142798054,2,A,0,0.0
840,22,male,mobile,organic,2.0045126687582964,1,B,0,0.0
841,35,female,desktop,organic,4.153224333367971,2,B,0,0.0
842,45,female,mobile,organic,9.504787628013318,5,A,0,0.0
843,59,female,mobile,organic,1.1252792555119295,4,B,0,0.0
844,39,male,mobile,organic,13.623416747176256,5,A,0,0.0
845,38,female,mobile,organic,5.841221256891201,4,B,1,7423.096513823522
846,23,female,mobile,organic,8.665751567050782,1,A,0,0.0
847,18,male,desktop,organic,4.061801483558453,2,A,0,0.0
848,22,male,desktop,ads,7.559666651918516,1,B,0,0.0
849,58,female,mobile,sns,0.08166529251670321,4,B,0,0.0
850,29,female,mobile,ads,8.529205127799829,2,A,1,6369.684388211182
851,43,female,mobile,organic,0.20483324931462432,2,A,0,0.0
852,63,female,mobile,organic,11.032438677425304,3,B,0,0.0
853,51,male,mobile,sns,24.118339752657153,4,B,0,0.0
854,31,female,mobile,organic,1.7411780077289922,2,B,0,0.0
855,43,female,mobile,organic,1.180628253236455,3,B,0,0.0
856,62,male,desktop,ads,7.248585953335793,4,A,0,0.0
857,44,female,mobile,ads,1.4586267837357858,2,A,0,0.0
858,26,male,mobile,ads,10.033275014712986,3,A,0,0.0
859,43,male,desktop,organic,0.5426197488699128,2,B,0,0.0
860,64,male,mobile,organic,0.6731182095832187,5,B,0,0.0
861,39,female,mobile,sns,19.352379593401782,7,A,0,0.0
862,64,female,mobile,organic,5.601819212974187,4,A,0,0.0
863,47,male,mobile,ads,9.382902669376879,2,A,0,0.0
864,60,female,desktop,ads,1.9602478314211715,0,A,0,0.0
865,34,female,mobile,ads,5.642529664908359,3,A,0,0.0
866,43,male,mobile,organic,4.509989653028422,3,A,0,0.0
867,53,male,desktop,organic,4.62098603068179,2,B,0,0.0
868,18,female,desktop,ads,5.7368985032009885,1,A,0,0.0
869,25,male,desktop,sns,4.282557903060909,7,A,1,3752.8818894017195
870,52,female,mobile,sns,2.8023765174638857,4,A,0,0.0
871,32,female,mobile,organic,1.6142855828953255,7,A,0,0.0
872,64,female,desktop,organic,7.317633943115004,4,A,0,0.0
873,39,female,desktop,sns,1.282677220495336,2,A,0,0.0
874,31,male,mobile,ads,5.894032514100096,2,A,0,0.0
875,43,male,mobile,sns,1.328512498118268,4,B,1,1528.9647792805474
876,45,male,mobile,organic,4.908550470250956,2,A,1,7447.448085009442
877,40,male,desktop,ads,6.873375971781753,5,B,0,0.0
878,31,female,mobile,ads,1.2340692840005447,4,B,1,4460.520550849816
879,41,female,mobile,ads,0.30907543652254077,0,B,0,0.0
880,19,male,mobile,organic,0.7019096948831864,0,A,0,0.0
881,62,female,mobile,organic,4.65698336216083,4,A,0,0.0
882,43,female,desktop,ads,9.46718076685544,2,A,0,0.0
883,31,female,mobile,organic,0.23020304978826278,2,A,0,0.0
884,24,male,desktop,organic,6.6241388747645065,5,A,0,0.0
885,20,male,desktop,sns,2.0875769546610865,3,A,0,0.0
886,64,male,mobile,organic,3.2555020331688795,4,A,0,0.0
887,40,female,mobile,sns,13.215495923778766,0,A,0,0.0
888,63,male,mobile,organic,2.017122243871152,2,A,0,0.0
889,60,male,desktop,ads,3.130592567736234,3,A,0,0.0
890,64,male,mobile,sns,0.06888440838807922,3,B,0,0.0
891,62,male,mobile,organic,0.42560429847425785,2,A,0,0.0
892,35,male,desktop,organic,1.496018232280249,3,A,0,0.0
893,55,male,mobile,organic,0.14123735229361165,2,A,0,0.0
894,52,female,desktop,organic,4.989881481727823,2,B,0,0.0
895,32,female,mobile,ads,2.7791006249478594,4,A,0,-0.0
896,42,male,mobile,sns,3.9719719786681287,4,A,1,5780.556954119093
897,54,male,mobile,organic,0.959721653030698,1,B,0,0.0
898,45,female,desktop,organic,1.7544018919447144,4,A,1,4083.2238462926266
899,27,female,mobile,organic,5.45060929574356,1,B,0,0.0
900,56,male,desktop,ads,16.805470429497532,5,B,0,0.0
901,34,male,desktop,organic,0.25866049851739886,1,B,0,0.0
902,56,male,mobile,ads,11.053874284050591,4,B,0,0.0
903,39,male,desktop,ads,4.300511457011099,3,A,0,0.0
904,43,female,mobile,ads,4.14964286364568,2,B,0,0.0
905,61,male,mobile,organic,3.4685220309841935,2,B,0,0.0
906,42,male,mobile,ads,0.3595969222453063,1,A,0,0.0
907,34,male,desktop,organic,0.4708768043237807,2,A,0,0.0
908,30,male,mobile,organic,4.592866746058765,1,A,0,0.0
909,37,female,mobile,sns,2.0848444032609996,3,B,0,0.0
910,42,female,mobile,ads,12.460748078922748,1,A,0,0.0
911,21,female,mobile,organic,2.609353123868731,1,B,0,0.0
912,27,male,mobile,organic,0.7732291877534686,2,B,0,0.0
913,20,male,desktop,organic,6.271400179587881,5,A,0,0.0
914,58,female,desktop,organic,1.7361231347784893,6,A,1,3601.0782529014446
915,62,male,mobile,organic,3.727155430950427,2,A,0,0.0
916,35,male,desktop,organic,5.983873622284977,3,A,0,0.0
917,64,female,mobile,organic,11.526148494521472,5,A,0,0.0
918,53,female,desktop,ads,7.85568413893404,5,A,0,0.0
919,64,female,mobile,ads,5.6406339580879985,0,B,0,0.0
920,39,female,mobile,ads,5.691443173395632,3,B,0,0.0
921,51,male,mobile,organic,14.586883621545695,3,A,0,0.0
922,64,male,desktop,sns,1.7536354626184048,1,B,0,0.0
923,25,female,mobile,sns,0.005563565158914325,1,B,0,0.0
924,57,male,mobile,sns,1.586959071621656,0,B,0,0.0
925,61,female,mobile,sns,1.2288082367478783,3,B,0,0.0
926,36,female,mobile,sns,5.421100550295199,2,B,0,0.0
927,59,male,mobile,ads,5.0216713854517625,1,B,0,0.0
928,58,female,desktop,organic,4.500381775050319,6,A,0,0.0
929,54,male,desktop,ads,0.08188407087170259,0,A,0,0.0
930,23,male,mobile,ads,6.524089030112638,1,A,0,0.0
931,43,male,desktop,ads,1.9543389400724234,3,B,1,4382.012463259026
932,51,male,mobile,ads,5.468959462440756,2,A,0,0.0
933,62,female,desktop,organic,4.066171663925939,2,A,0,0.0
934,23,male,desktop,organic,2.0983089700116713,6,A,0,0.0
935,54,female,mobile,sns,0.7226801368761621,3,B,0,0.0
936,50,female,desktop,ads,0.49589219654450334,1,A,0,0.0
937,39,female,mobile,ads,8.904641684810152,3,B,0,0.0
938,38,female,mobile,organic,12.52947947958093,4,A,0,0.0
939,23,male,desktop,organic,5.246083635576149,0,A,0,0.0
940,23,male,mobile,sns,0.5459174856321205,2,A,0,0.0
941,21,female,mobile,ads,2.5710501962915,1,B,0,0.0
942,47,female,mobile,ads,6.527060647052451,3,B,0,0.0
943,28,male,desktop,organic,7.566569501452846,5,B,0,0.0
944,47,female,mobile,ads,0.6290556238939529,4,B,0,0.0
945,48,male,mobile,organic,0.00015359658607904747,2,B,0,0.0
946,41,female,desktop,ads,6.2263538292630916,3,A,0,0.0
947,26,male,desktop,organic,2.2049136037394086,3,A,0,0.0
948,20,female,mobile,organic,1.4683755183333849,5,B,0,0.0
949,48,female,mobile,ads,0.06490682142417693,1,B,0,0.0
950,57,male,mobile,sns,3.885899428401247,4,A,0,0.0
951,54,female,mobile,organic,9.524105661256394,0,B,0,0.0
952,53,female,mobile,sns,15.806767848868619,2,A,0,0.0
953,41,male,desktop,organic,4.170616230474973,2,B,0,0.0
954,48,female,mobile,organic,3.612481699611379,1,A,0,0.0
955,23,male,mobile,organic,0.44446419545465066,4,B,0,0.0
956,19,male,mobile,organic,3.980029713766818,5,B,0,0.0
957,37,female,desktop,ads,2.390010289540501,2,A,0,0.0
958,45,female,mobile,organic,4.671449762695824,4,A,0,0.0
959,28,female,desktop,organic,2.4610527213058946,4,B,1,4377.558204982894
960,21,female,mobile,sns,1.3741525333169737,2,B,0,0.0
961,32,female,mobile,organic,0.49890983052460547,2,A,1,1057.0374000201691
962,23,female,mobile,ads,1.8910869440627924,3,B,0,0.0
963,47,female,mobile,organic,0.5081974269170653,3,A,0,0.0
964,55,male,mobile,ads,0.9733693725394515,3,A,1,7245.6628909982555
965,19,female,mobile,organic,21.845022392779452,4,B,0,0.0
966,32,male,mobile,organic,2.9358662775402444,5,A,0,0.0
967,28,female,desktop,organic,3.7950650870105034,4,A,0,0.0
968,25,female,mobile,organic,10.34225198062674,4,B,0,0.0
969,43,male,desktop,organic,27.095537647438405,2,A,0,0.0
970,62,female,mobile,ads,4.369922588900713,2,A,0,0.0
971,61,female,mobile,sns,8.369184111100193,5,A,0,0.0
972,22,male,mobile,sns,1.979611610881493,2,A,0,0.0
973,23,female,mobile,ads,1.824572245600824,1,B,0,0.0
974,43,female,mobile,organic,2.5767100447724607,2,A,0,0.0
975,21,female,mobile,organic,5.581447001277347,4,B,0,0.0
976,36,male,mobile,organic,5.73153437178218,2,A,0,0.0
977,37,female,mobile,organic,1.8934302072868179,4,B,0,0.0
978,50,female,mobile,ads,0.7147922927547222,1,A,0,0.0
979,37,female,desktop,ads,5.003748524175631,3,B,0,0.0
980,29,female,desktop,organic,0.6866981004259967,5,A,0,0.0
981,64,male,desktop,organic,4.3195886381389625,4,A,0,0.0
982,18,male,desktop,sns,5.911417437719912,1,A,0,0.0
983,43,female,mobile,ads,6.030066029224481,2,A,1,3914.2648104949258
984,31,female,mobile,organic,7.001400752795063,2,B,0,0.0
985,55,male,desktop,sns,10.312309439492243,7,B,0,0.0
986,54,male,mobile,sns,3.4653258392632806,2,A,0,0.0
987,28,female,mobile,organic,6.551283351620554,3,B,0,0.0
988,53,male,mobile,organic,4.8270469016198145,3,A,0,0.0
989,30,female,mobile,ads,1.0329069449920911,6,A,0,0.0
990,60,male,mobile,sns,0.13012693165001155,2,B,0,0.0
991,20,male,desktop,sns,1.6741576163774035,2,B,0,0.0
992,50,male,mobile,organic,2.9262527747851665,2,B,0,0.0
993,23,male,mobile,organic,4.799984726871559,1,A,0,0.0
994,27,female,desktop,ads,9.484244458281704,3,A,0,0.0
995,22,male,mobile,ads,1.0923083715377213,5,B,0,0.0
996,40,male,mobile,organic,0.6707996070995724,4,A,0,0.0
997,27,female,mobile,sns,16.549468924924888,4,B,0,0.0
998,61,male,desktop,ads,0.5716955105387433,3,B,0,0.0
999,19,male,desktop,sns,3.255144406058838,2,B,0,0.0
